{
    "1": {
        "45.0": [
            1.44903689,
            2.289757735,
            0.149236691,
            2.289757735
        ],
        "45.5": [
            1.31794165,
            2.38617219,
            0.144790131,
            2.38617219
        ],
        "46.5": [
            1.041730589,
            2.587097922,
            0.1365472,
            2.587097922
        ],
        "47.5": [
            0.756615683,
            2.797952593,
            0.129156077,
            2.797952593
        ],
        "48.5": [
            0.472617587,
            3.017679791,
            0.122589498,
            3.017679791
        ],
        "49.5": [
            0.197455933,
            3.245225583,
            0.116802688,
            3.245225583
        ],
        "50.5": [
            -0.063272822,
            3.479567767,
            0.111734963,
            3.479567767
        ],
        "51.5": [
            -0.305663778,
            3.719739648,
            0.107316407,
            3.719739648
        ],
        "52.5": [
            -0.527210764,
            3.964838222,
            0.10347453,
            3.964838222
        ],
        "53.5": [
            -0.726356263,
            4.214033476,
            0.100139369,
            4.214033476
        ],
        "54.5": [
            -0.902380499,
            4.466562625,
            0.097246097,
            4.466562625
        ],
        "55.5": [
            -1.055126826,
            4.721730669,
            0.09473644,
            4.721730669
        ],
        "56.5": [
            -1.184933443,
            4.978903744,
            0.092558749,
            4.978903744
        ],
        "57.5": [
            -1.292531809,
            5.237504753,
            0.09066765,
            5.237504753
        ],
        "58.5": [
            -1.378973111,
            5.497008915,
            0.089023438,
            5.497008915
        ],
        "59.5": [
            -1.445563111,
            5.756939907,
            0.087591418,
            5.756939907
        ],
        "60.5": [
            -1.49380121,
            6.016866693,
            0.086341291,
            6.016866693
        ],
        "61.5": [
            -1.525332827,
            6.276400575,
            0.085246598,
            6.276400575
        ],
        "62.5": [
            -1.541839648,
            6.535195541,
            0.084284401,
            6.535195541
        ],
        "63.5": [
            -1.545098045,
            6.792942366,
            0.083434649,
            6.792942366
        ],
        "64.5": [
            -1.536863318,
            7.049370425,
            0.08268004,
            7.049370425
        ],
        "65.5": [
            -1.518786093,
            7.304248994,
            0.082005843,
            7.304248994
        ],
        "66.5": [
            -1.49249029,
            7.557381995,
            0.081399411,
            7.557381995
        ],
        "67.5": [
            -1.459487925,
            7.808610136,
            0.080850107,
            7.808610136
        ],
        "68.5": [
            -1.421167427,
            8.057810266,
            0.08034908,
            8.057810266
        ],
        "69.5": [
            -1.378835366,
            8.304892397,
            0.079888977,
            8.304892397
        ],
        "70.5": [
            -1.333634661,
            8.549802669,
            0.079463915,
            8.549802669
        ],
        "71.5": [
            -1.286605147,
            8.792519752,
            0.079069193,
            8.792519752
        ],
        "72.5": [
            -1.238665517,
            9.033054944,
            0.07870118,
            9.033054944
        ],
        "73.5": [
            -1.19066716,
            9.271448675,
            0.078357096,
            9.271448675
        ],
        "74.5": [
            -1.143316882,
            9.507773605,
            0.078035021,
            9.507773605
        ],
        "75.5": [
            -1.097263403,
            9.742129356,
            0.077733651,
            9.742129356
        ],
        "76.5": [
            -1.053083813,
            9.974642178,
            0.077452242,
            9.974642178
        ],
        "77.5": [
            -1.011294273,
            10.20546331,
            0.077190512,
            10.20546331
        ],
        "78.5": [
            -0.972360231,
            10.43476723,
            0.076948562,
            10.43476723
        ],
        "79.5": [
            -0.936705887,
            10.66274993,
            0.076726804,
            10.66274993
        ],
        "80.5": [
            -0.904722736,
            10.88962699,
            0.076525901,
            10.88962699
        ],
        "81.5": [
            -0.876777097,
            11.11563177,
            0.076346711,
            11.11563177
        ],
        "82.5": [
            -0.853216568,
            11.34101346,
            0.076190236,
            11.34101346
        ],
        "83.5": [
            -0.834375406,
            11.56603512,
            0.076057579,
            11.56603512
        ],
        "84.5": [
            -0.820578855,
            11.79097176,
            0.075949901,
            11.79097176
        ],
        "85.5": [
            -0.81214646,
            12.01610828,
            0.075868383,
            12.01610828
        ],
        "86.5": [
            -0.809394398,
            12.24173753,
            0.075814185,
            12.24173753
        ],
        "87.5": [
            -0.812636889,
            12.46815824,
            0.075788413,
            12.46815824
        ],
        "88.5": [
            -0.822186712,
            12.69567298,
            0.075792075,
            12.69567298
        ],
        "89.5": [
            -0.838354876,
            12.92458613,
            0.075826044,
            12.92458613
        ],
        "90.5": [
            -0.861449493,
            13.15520182,
            0.075891019,
            13.15520182
        ],
        "91.5": [
            -0.891773904,
            13.38782185,
            0.075987476,
            13.38782185
        ],
        "92.5": [
            -0.929617736,
            13.6227442,
            0.076115636,
            13.6227442
        ],
        "93.5": [
            -0.975268944,
            13.86025986,
            0.076275395,
            13.86025986
        ],
        "94.5": [
            -1.028990493,
            14.10065234,
            0.076466299,
            14.10065234
        ],
        "95.5": [
            -1.091024455,
            14.34419522,
            0.076687482,
            14.34419522
        ],
        "96.5": [
            -1.161574946,
            14.59115139,
            0.076937631,
            14.59115139
        ],
        "97.5": [
            -1.240820737,
            14.84177007,
            0.077214912,
            14.84177007
        ],
        "98.5": [
            -1.328879402,
            15.0962879,
            0.077516968,
            15.0962879
        ],
        "99.5": [
            -1.425809463,
            15.35492729,
            0.077840877,
            15.35492729
        ],
        "100.5": [
            -1.531575592,
            15.61789822,
            0.078183177,
            15.61789822
        ],
        "101.5": [
            -1.646081976,
            15.88539464,
            0.078539804,
            15.88539464
        ],
        "102.5": [
            -1.769082483,
            16.15760201,
            0.078906277,
            16.15760201
        ],